,belief,listv,alive,true_v,time,visited
0,"[0.0, 0.0, 0.07692307692307693, 0.0, 0.0, 0.0, 0.07692307692307693, 0.07692307692307693, 0.07692307692307693, 0.0, 0.07692307692307693, 0.0, 0.0, 0.0, 0.07692307692307693, 0.0, 0.0, 0.0, 0.0, 0.0, 0.07692307692307693, 0.0, 0.0, 0.0, 0.0, 0.0, 0.07692307692307693, 0.0, 0.0, 0.0, 0.0, 0.0, 0.07692307692307693, 0.0, 0.07692307692307693, 0.0, 0.0, 0.0, 0.0, 0.07692307692307693, 0.0, 0.07692307692307693, 0.07692307692307693, 0.0, 0.0, 0.0, 0.0]",3,"[True, True, True]",41,2,"[[], [], []]"
1,"[0.07692307692307693, 0.0, 0.0, 0.0, 0.0, 0.0, 0.07692307692307693, 0.07692307692307693, 0.07692307692307693, 0.0, 0.07692307692307693, 0.0, 0.0, 0.0, 0.07692307692307693, 0.0, 0.0, 0.0, 0.0, 0.0, 0.07692307692307693, 0.0, 0.0, 0.0, 0.0, 0.0, 0.07692307692307693, 0.0, 0.0, 0.0, 0.0, 0.0, 0.07692307692307693, 0.0, 0.07692307692307693, 0.0, 0.0, 0.0, 0.0, 0.07692307692307693, 0.0, 0.07692307692307693, 0.07692307692307693, 0.0, 0.0, 0.0, 0.0]",3,"[True, True, True]",41,21,"[[2], [2], [2]]"
2,"[0.07692307692307693, 0.0, 0.0, 0.0, 0.0, 0.0, 0.07692307692307693, 0.07692307692307693, 0.07692307692307693, 0.0, 0.07692307692307693, 0.0, 0.0, 0.0, 0.07692307692307693, 0.0, 0.0, 0.0, 0.0, 0.0, 0.07692307692307693, 0.0, 0.0, 0.0, 0.0, 0.0, 0.07692307692307693, 0.0, 0.0, 0.0, 0.0, 0.0, 0.07692307692307693, 0.0, 0.07692307692307693, 0.0, 0.0, 0.0, 0.0, 0.07692307692307693, 0.0, 0.07692307692307693, 0.07692307692307693, 0.0, 0.0, 0.0, 0.0]",3,"[True, True, True]",41,37,"[[2, 3], [2, 3], [2, 3]]"
3,"[0.07692307692307693, 0.0, 0.0, 0.0, 0.0, 0.0, 0.07692307692307693, 0.07692307692307693, 0.07692307692307693, 0.0, 0.07692307692307693, 0.0, 0.0, 0.0, 0.07692307692307693, 0.0, 0.0, 0.0, 0.0, 0.0, 0.07692307692307693, 0.0, 0.0, 0.0, 0.0, 0.0, 0.07692307692307693, 0.0, 0.0, 0.0, 0.0, 0.0, 0.07692307692307693, 0.0, 0.07692307692307693, 0.0, 0.0, 0.0, 0.0, 0.07692307692307693, 0.0, 0.07692307692307693, 0.07692307692307693, 0.0, 0.0, 0.0, 0.0]",3,"[True, True, True]",41,54,"[[2, 3, 4], [2, 3, 2], [2, 3, 4]]"
4,"[0.07692307692307693, 0.0, 0.0, 0.0, 0.0, 0.0, 0.07692307692307693, 0.07692307692307693, 0.07692307692307693, 0.0, 0.07692307692307693, 0.0, 0.0, 0.0, 0.07692307692307693, 0.0, 0.0, 0.0, 0.0, 0.0, 0.07692307692307693, 0.0, 0.0, 0.0, 0.0, 0.0, 0.07692307692307693, 0.0, 0.0, 0.0, 0.0, 0.0, 0.07692307692307693, 0.0, 0.07692307692307693, 0.0, 0.0, 0.0, 0.0, 0.07692307692307693, 0.0, 0.07692307692307693, 0.07692307692307693, 0.0, 0.0, 0.0, 0.0]",3,"[True, True, True]",41,72,"[[2, 3, 4, 5], [2, 3, 2, 1], [2, 3, 4, 5]]"
5,"[0.15384615384615385, 0.0, 0.0, 0.0, 0.0, 0.0, 0.0, 0.07692307692307693, 0.07692307692307693, 0.0, 0.07692307692307693, 0.0, 0.0, 0.0, 0.07692307692307693, 0.0, 0.0, 0.0, 0.0, 0.0, 0.07692307692307693, 0.0, 0.0, 0.0, 0.0, 0.0, 0.07692307692307693, 0.0, 0.0, 0.0, 0.0, 0.0, 0.07692307692307693, 0.0, 0.07692307692307693, 0.0, 0.0, 0.0, 0.0, 0.07692307692307693, 0.0, 0.07692307692307693, 0.07692307692307693, 0.0, 0.0, 0.0, 0.0]",3,"[True, True, True]",41,90,"[[2, 3, 4, 5, 6], [2, 3, 2, 1, 2], [2, 3, 4, 5, 6]]"
6,"[0.23076923076923078, 0.0, 0.0, 0.0, 0.0, 0.0, 0.0, 0.0, 0.07692307692307693, 0.0, 0.07692307692307693, 0.0, 0.0, 0.0, 0.07692307692307693, 0.0, 0.0, 0.0, 0.0, 0.0, 0.07692307692307693, 0.0, 0.0, 0.0, 0.0, 0.0, 0.07692307692307693, 0.0, 0.0, 0.0, 0.0, 0.0, 0.07692307692307693, 0.0, 0.07692307692307693, 0.0, 0.0, 0.0, 0.0, 0.07692307692307693, 0.0, 0.07692307692307693, 0.07692307692307693, 0.0, 0.0, 0.0, 0.0]",3,"[True, True, True]",41,109,"[[2, 3, 4, 5, 6, 5], [2, 3, 2, 1, 2, 3], [2, 3, 4, 5, 6, 7]]"
7,"[0.3076923076923077, 0.0, 0.0, 0.0, 0.0, 0.0, 0.0, 0.0, 0.0, 0.0, 0.07692307692307693, 0.0, 0.0, 0.0, 0.07692307692307693, 0.0, 0.0, 0.0, 0.0, 0.0, 0.07692307692307693, 0.0, 0.0, 0.0, 0.0, 0.0, 0.07692307692307693, 0.0, 0.0, 0.0, 0.0, 0.0, 0.07692307692307693, 0.0, 0.07692307692307693, 0.0, 0.0, 0.0, 0.0, 0.07692307692307693, 0.0, 0.07692307692307693, 0.07692307692307693, 0.0, 0.0, 0.0, 0.0]",3,"[True, True, True]",41,128,"[[2, 3, 4, 5, 6, 5, 6], [2, 3, 2, 1, 2, 3, 4], [2, 3, 4, 5, 6, 7, 8]]"
8,"[0.3076923076923077, 0.0, 0.0, 0.0, 0.0, 0.0, 0.0, 0.0, 0.0, 0.0, 0.07692307692307693, 0.0, 0.0, 0.0, 0.07692307692307693, 0.0, 0.0, 0.0, 0.0, 0.0, 0.07692307692307693, 0.0, 0.0, 0.0, 0.0, 0.0, 0.07692307692307693, 0.0, 0.0, 0.0, 0.0, 0.0, 0.07692307692307693, 0.0, 0.07692307692307693, 0.0, 0.0, 0.0, 0.0, 0.07692307692307693, 0.0, 0.07692307692307693, 0.07692307692307693, 0.0, 0.0, 0.0, 0.0]",3,"[True, True, True]",41,146,"[[2, 3, 4, 5, 6, 5, 6, 7], [2, 3, 2, 1, 2, 3, 4, 5], [2, 3, 4, 5, 6, 7, 8, 7]]"
9,"[0.3076923076923077, 0.0, 0.0, 0.0, 0.0, 0.0, 0.0, 0.0, 0.0, 0.0, 0.07692307692307693, 0.0, 0.0, 0.0, 0.07692307692307693, 0.0, 0.0, 0.0, 0.0, 0.0, 0.07692307692307693, 0.0, 0.0, 0.0, 0.0, 0.0, 0.07692307692307693, 0.0, 0.0, 0.0, 0.0, 0.0, 0.07692307692307693, 0.0, 0.07692307692307693, 0.0, 0.0, 0.0, 0.0, 0.07692307692307693, 0.0, 0.07692307692307693, 0.07692307692307693, 0.0, 0.0, 0.0, 0.0]",3,"[True, True, True]",41,164,"[[2, 3, 4, 5, 6, 5, 6, 7, 6], [2, 3, 2, 1, 2, 3, 4, 5, 4], [2, 3, 4, 5, 6, 7, 8, 7, 9]]"
10,"[0.38461538461538464, 0.0, 0.0, 0.0, 0.0, 0.0, 0.0, 0.0, 0.0, 0.0, 0.0, 0.0, 0.0, 0.0, 0.07692307692307693, 0.0, 0.0, 0.0, 0.0, 0.0, 0.07692307692307693, 0.0, 0.0, 0.0, 0.0, 0.0, 0.07692307692307693, 0.0, 0.0, 0.0, 0.0, 0.0, 0.07692307692307693, 0.0, 0.07692307692307693, 0.0, 0.0, 0.0, 0.0, 0.07692307692307693, 0.0, 0.07692307692307693, 0.07692307692307693, 0.0, 0.0, 0.0, 0.0]",3,"[True, True, True]",41,181,"[[2, 3, 4, 5, 6, 5, 6, 7, 6, 7], [2, 3, 2, 1, 2, 3, 4, 5, 4, 5], [2, 3, 4, 5, 6, 7, 8, 7, 9, 10]]"
11,"[0.38461538461538464, 0.0, 0.0, 0.0, 0.0, 0.0, 0.0, 0.0, 0.0, 0.0, 0.0, 0.0, 0.0, 0.0, 0.07692307692307693, 0.0, 0.0, 0.0, 0.0, 0.0, 0.07692307692307693, 0.0, 0.0, 0.0, 0.0, 0.0, 0.07692307692307693, 0.0, 0.0, 0.0, 0.0, 0.0, 0.07692307692307693, 0.0, 0.07692307692307693, 0.0, 0.0, 0.0, 0.0, 0.07692307692307693, 0.0, 0.07692307692307693, 0.07692307692307693, 0.0, 0.0, 0.0, 0.0]",3,"[True, True, True]",41,199,"[[2, 3, 4, 5, 6, 5, 6, 7, 6, 7, 6], [2, 3, 2, 1, 2, 3, 4, 5, 4, 5, 5], [2, 3, 4, 5, 6, 7, 8, 7, 9, 10, 9]]"
12,"[0.38461538461538464, 0.0, 0.0, 0.0, 0.0, 0.0, 0.0, 0.0, 0.0, 0.0, 0.0, 0.0, 0.0, 0.0, 0.07692307692307693, 0.0, 0.0, 0.0, 0.0, 0.0, 0.07692307692307693, 0.0, 0.0, 0.0, 0.0, 0.0, 0.07692307692307693, 0.0, 0.0, 0.0, 0.0, 0.0, 0.07692307692307693, 0.0, 0.07692307692307693, 0.0, 0.0, 0.0, 0.0, 0.07692307692307693, 0.0, 0.07692307692307693, 0.07692307692307693, 0.0, 0.0, 0.0, 0.0]",3,"[True, True, True]",41,217,"[[2, 3, 4, 5, 6, 5, 6, 7, 6, 7, 6, 7], [2, 3, 2, 1, 2, 3, 4, 5, 4, 5, 5, 6], [2, 3, 4, 5, 6, 7, 8, 7, 9, 10, 9, 11]]"
13,"[0.38461538461538464, 0.0, 0.0, 0.0, 0.0, 0.0, 0.0, 0.0, 0.0, 0.0, 0.0, 0.0, 0.0, 0.0, 0.07692307692307693, 0.0, 0.0, 0.0, 0.0, 0.0, 0.07692307692307693, 0.0, 0.0, 0.0, 0.0, 0.0, 0.07692307692307693, 0.0, 0.0, 0.0, 0.0, 0.0, 0.07692307692307693, 0.0, 0.07692307692307693, 0.0, 0.0, 0.0, 0.0, 0.07692307692307693, 0.0, 0.07692307692307693, 0.07692307692307693, 0.0, 0.0, 0.0, 0.0]",3,"[True, True, True]",41,233,"[[2, 3, 4, 5, 6, 5, 6, 7, 6, 7, 6, 7, 9], [2, 3, 2, 1, 2, 3, 4, 5, 4, 5, 5, 6, 5], [2, 3, 4, 5, 6, 7, 8, 7, 9, 10, 9, 11, 13]]"
14,"[0.46153846153846156, 0.0, 0.0, 0.0, 0.0, 0.0, 0.0, 0.0, 0.0, 0.0, 0.0, 0.0, 0.0, 0.0, 0.0, 0.0, 0.0, 0.0, 0.0, 0.0, 0.07692307692307693, 0.0, 0.0, 0.0, 0.0, 0.0, 0.07692307692307693, 0.0, 0.0, 0.0, 0.0, 0.0, 0.07692307692307693, 0.0, 0.07692307692307693, 0.0, 0.0, 0.0, 0.0, 0.07692307692307693, 0.0, 0.07692307692307693, 0.07692307692307693, 0.0, 0.0, 0.0, 0.0]",3,"[True, True, True]",41,250,"[[2, 3, 4, 5, 6, 5, 6, 7, 6, 7, 6, 7, 9, 11], [2, 3, 2, 1, 2, 3, 4, 5, 4, 5, 5, 6, 5, 6], [2, 3, 4, 5, 6, 7, 8, 7, 9, 10, 9, 11, 13, 14]]"
15,"[0.46153846153846156, 0.0, 0.0, 0.0, 0.0, 0.0, 0.0, 0.0, 0.0, 0.0, 0.0, 0.0, 0.0, 0.0, 0.0, 0.0, 0.0, 0.0, 0.0, 0.0, 0.07692307692307693, 0.0, 0.0, 0.0, 0.0, 0.0, 0.07692307692307693, 0.0, 0.0, 0.0, 0.0, 0.0, 0.07692307692307693, 0.0, 0.07692307692307693, 0.0, 0.0, 0.0, 0.0, 0.07692307692307693, 0.0, 0.07692307692307693, 0.07692307692307693, 0.0, 0.0, 0.0, 0.0]",3,"[True, True, True]",41,266,"[[2, 3, 4, 5, 6, 5, 6, 7, 6, 7, 6, 7, 9, 11, 13], [2, 3, 2, 1, 2, 3, 4, 5, 4, 5, 5, 6, 5, 6, 7], [2, 3, 4, 5, 6, 7, 8, 7, 9, 10, 9, 11, 13, 14, 13]]"
16,"[0.46153846153846156, 0.0, 0.0, 0.0, 0.0, 0.0, 0.0, 0.0, 0.0, 0.0, 0.0, 0.0, 0.0, 0.0, 0.0, 0.0, 0.0, 0.0, 0.0, 0.0, 0.07692307692307693, 0.0, 0.0, 0.0, 0.0, 0.0, 0.07692307692307693, 0.0, 0.0, 0.0, 0.0, 0.0, 0.07692307692307693, 0.0, 0.07692307692307693, 0.0, 0.0, 0.0, 0.0, 0.07692307692307693, 0.0, 0.07692307692307693, 0.07692307692307693, 0.0, 0.0, 0.0, 0.0]",3,"[True, True, True]",41,291,"[[2, 3, 4, 5, 6, 5, 6, 7, 6, 7, 6, 7, 9, 11, 13, 16], [2, 3, 2, 1, 2, 3, 4, 5, 4, 5, 5, 6, 5, 6, 7, 9], [2, 3, 4, 5, 6, 7, 8, 7, 9, 10, 9, 11, 13, 14, 13, 16]]"
17,"[0.46153846153846156, 0.0, 0.0, 0.0, 0.0, 0.0, 0.0, 0.0, 0.0, 0.0, 0.0, 0.0, 0.0, 0.0, 0.0, 0.0, 0.0, 0.0, 0.0, 0.0, 0.07692307692307693, 0.0, 0.0, 0.0, 0.0, 0.0, 0.07692307692307693, 0.0, 0.0, 0.0, 0.0, 0.0, 0.07692307692307693, 0.0, 0.07692307692307693, 0.0, 0.0, 0.0, 0.0, 0.07692307692307693, 0.0, 0.07692307692307693, 0.07692307692307693, 0.0, 0.0, 0.0, 0.0]",3,"[True, True, True]",41,315,"[[2, 3, 4, 5, 6, 5, 6, 7, 6, 7, 6, 7, 9, 11, 13, 16, 19], [2, 3, 2, 1, 2, 3, 4, 5, 4, 5, 5, 6, 5, 6, 7, 9, 11], [2, 3, 4, 5, 6, 7, 8, 7, 9, 10, 9, 11, 13, 14, 13, 16, 19]]"
18,"[0.5384615384615385, 0.0, 0.0, 0.0, 0.0, 0.0, 0.0, 0.0, 0.0, 0.0, 0.0, 0.0, 0.0, 0.0, 0.0, 0.0, 0.0, 0.0, 0.0, 0.0, 0.0, 0.0, 0.0, 0.0, 0.0, 0.0, 0.07692307692307693, 0.0, 0.0, 0.0, 0.0, 0.0, 0.07692307692307693, 0.0, 0.07692307692307693, 0.0, 0.0, 0.0, 0.0, 0.07692307692307693, 0.0, 0.07692307692307693, 0.07692307692307693, 0.0, 0.0, 0.0, 0.0]",3,"[True, True, True]",41,337,"[[2, 3, 4, 5, 6, 5, 6, 7, 6, 7, 6, 7, 9, 11, 13, 16, 19, 22], [2, 3, 2, 1, 2, 3, 4, 5, 4, 5, 5, 6, 5, 6, 7, 9, 11, 9], [2, 3, 4, 5, 6, 7, 8, 7, 9, 10, 9, 11, 13, 14, 13, 16, 19, 20]]"
19,"[0.5384615384615385, 0.0, 0.0, 0.0, 0.0, 0.0, 0.0, 0.0, 0.0, 0.0, 0.0, 0.0, 0.0, 0.0, 0.0, 0.0, 0.0, 0.0, 0.0, 0.0, 0.0, 0.0, 0.0, 0.0, 0.0, 0.0, 0.07692307692307693, 0.0, 0.0, 0.0, 0.0, 0.0, 0.07692307692307693, 0.0, 0.07692307692307693, 0.0, 0.0, 0.0, 0.0, 0.07692307692307693, 0.0, 0.07692307692307693, 0.07692307692307693, 0.0, 0.0, 0.0, 0.0]",3,"[True, True, True]",41,370,"[[2, 3, 4, 5, 6, 5, 6, 7, 6, 7, 6, 7, 9, 11, 13, 16, 19, 22, 25], [2, 3, 2, 1, 2, 3, 4, 5, 4, 5, 5, 6, 5, 6, 7, 9, 11, 9, 11], [2, 3, 4, 5, 6, 7, 8, 7, 9, 10, 9, 11, 13, 14, 13, 16, 19, 20, 19]]"
20,"[0.5384615384615385, 0.0, 0.0, 0.0, 0.0, 0.0, 0.0, 0.0, 0.0, 0.0, 0.0, 0.0, 0.0, 0.0, 0.0, 0.0, 0.0, 0.0, 0.0, 0.0, 0.0, 0.0, 0.0, 0.0, 0.0, 0.0, 0.07692307692307693, 0.0, 0.0, 0.0, 0.0, 0.0, 0.07692307692307693, 0.0, 0.07692307692307693, 0.0, 0.0, 0.0, 0.0, 0.07692307692307693, 0.0, 0.07692307692307693, 0.07692307692307693, 0.0, 0.0, 0.0, 0.0]",3,"[True, True, True]",41,390,"[[2, 3, 4, 5, 6, 5, 6, 7, 6, 7, 6, 7, 9, 11, 13, 16, 19, 22, 25, 28], [2, 3, 2, 1, 2, 3, 4, 5, 4, 5, 5, 6, 5, 6, 7, 9, 11, 9, 11, 9], [2, 3, 4, 5, 6, 7, 8, 7, 9, 10, 9, 11, 13, 14, 13, 16, 19, 20, 19, 22]]"
21,"[0.5384615384615385, 0.0, 0.0, 0.0, 0.0, 0.0, 0.0, 0.0, 0.0, 0.0, 0.0, 0.0, 0.0, 0.0, 0.0, 0.0, 0.0, 0.0, 0.0, 0.0, 0.0, 0.0, 0.0, 0.0, 0.0, 0.0, 0.07692307692307693, 0.0, 0.0, 0.0, 0.0, 0.0, 0.07692307692307693, 0.0, 0.07692307692307693, 0.0, 0.0, 0.0, 0.0, 0.07692307692307693, 0.0, 0.07692307692307693, 0.07692307692307693, 0.0, 0.0, 0.0, 0.0]",3,"[True, True, True]",41,419,"[[2, 3, 4, 5, 6, 5, 6, 7, 6, 7, 6, 7, 9, 11, 13, 16, 19, 22, 25, 28, 31], [2, 3, 2, 1, 2, 3, 4, 5, 4, 5, 5, 6, 5, 6, 7, 9, 11, 9, 11, 9, 11], [2, 3, 4, 5, 6, 7, 8, 7, 9, 10, 9, 11, 13, 14, 13, 16, 19, 20, 19, 22, 25]]"
22,"[0.6923076923076923, 0.0, 0.0, 0.0, 0.0, 0.0, 0.0, 0.0, 0.0, 0.0, 0.0, 0.0, 0.0, 0.0, 0.0, 0.0, 0.0, 0.0, 0.0, 0.0, 0.0, 0.0, 0.0, 0.0, 0.0, 0.0, 0.0, 0.0, 0.0, 0.0, 0.0, 0.0, 0.07692307692307693, 0.0, 0.0, 0.0, 0.0, 0.0, 0.0, 0.07692307692307693, 0.0, 0.07692307692307693, 0.07692307692307693, 0.0, 0.0, 0.0, 0.0]",3,"[True, True, True]",41,439,"[[2, 3, 4, 5, 6, 5, 6, 7, 6, 7, 6, 7, 9, 11, 13, 16, 19, 22, 25, 28, 31, 34], [2, 3, 2, 1, 2, 3, 4, 5, 4, 5, 5, 6, 5, 6, 7, 9, 11, 9, 11, 9, 11, 9], [2, 3, 4, 5, 6, 7, 8, 7, 9, 10, 9, 11, 13, 14, 13, 16, 19, 20, 19, 22, 25, 26]]"
23,"[0.6923076923076923, 0.0, 0.0, 0.0, 0.0, 0.0, 0.0, 0.0, 0.0, 0.0, 0.0, 0.0, 0.0, 0.0, 0.0, 0.0, 0.0, 0.0, 0.0, 0.0, 0.0, 0.0, 0.0, 0.0, 0.0, 0.0, 0.0, 0.0, 0.0, 0.0, 0.0, 0.0, 0.07692307692307693, 0.0, 0.0, 0.0, 0.0, 0.0, 0.0, 0.07692307692307693, 0.0, 0.07692307692307693, 0.07692307692307693, 0.0, 0.0, 0.0, 0.0]",3,"[True, True, True]",41,448,"[[2, 3, 4, 5, 6, 5, 6, 7, 6, 7, 6, 7, 9, 11, 13, 16, 19, 22, 25, 28, 31, 34, 31], [2, 3, 2, 1, 2, 3, 4, 5, 4, 5, 5, 6, 5, 6, 7, 9, 11, 9, 11, 9, 11, 9, 11], [2, 3, 4, 5, 6, 7, 8, 7, 9, 10, 9, 11, 13, 14, 13, 16, 19, 20, 19, 22, 25, 26, 25]]"
24,"[0.6923076923076923, 0.0, 0.0, 0.0, 0.0, 0.0, 0.0, 0.0, 0.0, 0.0, 0.0, 0.0, 0.0, 0.0, 0.0, 0.0, 0.0, 0.0, 0.0, 0.0, 0.0, 0.0, 0.0, 0.0, 0.0, 0.0, 0.0, 0.0, 0.0, 0.0, 0.0, 0.0, 0.07692307692307693, 0.0, 0.0, 0.0, 0.0, 0.0, 0.0, 0.07692307692307693, 0.0, 0.07692307692307693, 0.07692307692307693, 0.0, 0.0, 0.0, 0.0]",3,"[True, True, True]",41,458,"[[2, 3, 4, 5, 6, 5, 6, 7, 6, 7, 6, 7, 9, 11, 13, 16, 19, 22, 25, 28, 31, 34, 31, 28], [2, 3, 2, 1, 2, 3, 4, 5, 4, 5, 5, 6, 5, 6, 7, 9, 11, 9, 11, 9, 11, 9, 11, 9], [2, 3, 4, 5, 6, 7, 8, 7, 9, 10, 9, 11, 13, 14, 13, 16, 19, 20, 19, 22, 25, 26, 25, 28]]"
25,"[0.6923076923076923, 0.0, 0.0, 0.0, 0.0, 0.0, 0.0, 0.0, 0.0, 0.0, 0.0, 0.0, 0.0, 0.0, 0.0, 0.0, 0.0, 0.0, 0.0, 0.0, 0.0, 0.0, 0.0, 0.0, 0.0, 0.0, 0.0, 0.0, 0.0, 0.0, 0.0, 0.0, 0.07692307692307693, 0.0, 0.0, 0.0, 0.0, 0.0, 0.0, 0.07692307692307693, 0.0, 0.07692307692307693, 0.07692307692307693, 0.0, 0.0, 0.0, 0.0]",3,"[True, True, True]",41,474,"[[2, 3, 4, 5, 6, 5, 6, 7, 6, 7, 6, 7, 9, 11, 13, 16, 19, 22, 25, 28, 31, 34, 31, 28, 25], [2, 3, 2, 1, 2, 3, 4, 5, 4, 5, 5, 6, 5, 6, 7, 9, 11, 9, 11, 9, 11, 9, 11, 9, 11], [2, 3, 4, 5, 6, 7, 8, 7, 9, 10, 9, 11, 13, 14, 13, 16, 19, 20, 19, 22, 25, 26, 25, 28, 31]]"
26,"[0.7692307692307692, 0.0, 0.0, 0.0, 0.0, 0.0, 0.0, 0.0, 0.0, 0.0, 0.0, 0.0, 0.0, 0.0, 0.0, 0.0, 0.0, 0.0, 0.0, 0.0, 0.0, 0.0, 0.0, 0.0, 0.0, 0.0, 0.0, 0.0, 0.0, 0.0, 0.0, 0.0, 0.0, 0.0, 0.0, 0.0, 0.0, 0.0, 0.0, 0.07692307692307693, 0.0, 0.07692307692307693, 0.07692307692307693, 0.0, 0.0, 0.0, 0.0]",3,"[True, True, True]",41,488,"[[2, 3, 4, 5, 6, 5, 6, 7, 6, 7, 6, 7, 9, 11, 13, 16, 19, 22, 25, 28, 31, 34, 31, 28, 25, 22], [2, 3, 2, 1, 2, 3, 4, 5, 4, 5, 5, 6, 5, 6, 7, 9, 11, 9, 11, 9, 11, 9, 11, 9, 11, 9], [2, 3, 4, 5, 6, 7, 8, 7, 9, 10, 9, 11, 13, 14, 13, 16, 19, 20, 19, 22, 25, 26, 25, 28, 31, 32]]"
27,"[0.7692307692307692, 0.0, 0.0, 0.0, 0.0, 0.0, 0.0, 0.0, 0.0, 0.0, 0.0, 0.0, 0.0, 0.0, 0.0, 0.0, 0.0, 0.0, 0.0, 0.0, 0.0, 0.0, 0.0, 0.0, 0.0, 0.0, 0.0, 0.0, 0.0, 0.0, 0.0, 0.0, 0.0, 0.0, 0.0, 0.0, 0.0, 0.0, 0.0, 0.07692307692307693, 0.0, 0.07692307692307693, 0.07692307692307693, 0.0, 0.0, 0.0, 0.0]",3,"[True, True, True]",41,514,"[[2, 3, 4, 5, 6, 5, 6, 7, 6, 7, 6, 7, 9, 11, 13, 16, 19, 22, 25, 28, 31, 34, 31, 28, 25, 22, 25], [2, 3, 2, 1, 2, 3, 4, 5, 4, 5, 5, 6, 5, 6, 7, 9, 11, 9, 11, 9, 11, 9, 11, 9, 11, 9, 11], [2, 3, 4, 5, 6, 7, 8, 7, 9, 10, 9, 11, 13, 14, 13, 16, 19, 20, 19, 22, 25, 26, 25, 28, 31, 32, 31]]"
28,"[0.7692307692307692, 0.0, 0.0, 0.0, 0.0, 0.0, 0.0, 0.0, 0.0, 0.0, 0.0, 0.0, 0.0, 0.0, 0.0, 0.0, 0.0, 0.0, 0.0, 0.0, 0.0, 0.0, 0.0, 0.0, 0.0, 0.0, 0.0, 0.0, 0.0, 0.0, 0.0, 0.0, 0.0, 0.0, 0.0, 0.0, 0.0, 0.0, 0.0, 0.07692307692307693, 0.0, 0.07692307692307693, 0.07692307692307693, 0.0, 0.0, 0.0, 0.0]",3,"[True, True, True]",41,523,"[[2, 3, 4, 5, 6, 5, 6, 7, 6, 7, 6, 7, 9, 11, 13, 16, 19, 22, 25, 28, 31, 34, 31, 28, 25, 22, 25, 22], [2, 3, 2, 1, 2, 3, 4, 5, 4, 5, 5, 6, 5, 6, 7, 9, 11, 9, 11, 9, 11, 9, 11, 9, 11, 9, 11, 9], [2, 3, 4, 5, 6, 7, 8, 7, 9, 10, 9, 11, 13, 14, 13, 16, 19, 20, 19, 22, 25, 26, 25, 28, 31, 32, 31, 34]]"
29,"[0.7692307692307692, 0.0, 0.0, 0.0, 0.0, 0.0, 0.0, 0.0, 0.0, 0.0, 0.0, 0.0, 0.0, 0.0, 0.0, 0.0, 0.0, 0.0, 0.0, 0.0, 0.0, 0.0, 0.0, 0.0, 0.0, 0.0, 0.0, 0.0, 0.0, 0.0, 0.0, 0.0, 0.0, 0.0, 0.0, 0.0, 0.0, 0.0, 0.0, 0.07692307692307693, 0.0, 0.07692307692307693, 0.07692307692307693, 0.0, 0.0, 0.0, 0.0]",3,"[True, True, True]",41,550,"[[2, 3, 4, 5, 6, 5, 6, 7, 6, 7, 6, 7, 9, 11, 13, 16, 19, 22, 25, 28, 31, 34, 31, 28, 25, 22, 25, 22, 25], [2, 3, 2, 1, 2, 3, 4, 5, 4, 5, 5, 6, 5, 6, 7, 9, 11, 9, 11, 9, 11, 9, 11, 9, 11, 9, 11, 9, 11], [2, 3, 4, 5, 6, 7, 8, 7, 9, 10, 9, 11, 13, 14, 13, 16, 19, 20, 19, 22, 25, 26, 25, 28, 31, 32, 31, 34, 37]]"
30,"[0.7692307692307692, 0.0, 0.0, 0.0, 0.0, 0.0, 0.0, 0.0, 0.0, 0.0, 0.0, 0.0, 0.0, 0.0, 0.0, 0.0, 0.0, 0.0, 0.0, 0.0, 0.0, 0.0, 0.0, 0.0, 0.0, 0.0, 0.0, 0.0, 0.0, 0.0, 0.0, 0.0, 0.0, 0.0, 0.0, 0.0, 0.0, 0.0, 0.0, 0.07692307692307693, 0.0, 0.07692307692307693, 0.07692307692307693, 0.0, 0.0, 0.0, 0.0]",3,"[True, True, True]",41,566,"[[2, 3, 4, 5, 6, 5, 6, 7, 6, 7, 6, 7, 9, 11, 13, 16, 19, 22, 25, 28, 31, 34, 31, 28, 25, 22, 25, 22, 25, 22], [2, 3, 2, 1, 2, 3, 4, 5, 4, 5, 5, 6, 5, 6, 7, 9, 11, 9, 11, 9, 11, 9, 11, 9, 11, 9, 11, 9, 11, 9], [2, 3, 4, 5, 6, 7, 8, 7, 9, 10, 9, 11, 13, 14, 13, 16, 19, 20, 19, 22, 25, 26, 25, 28, 31, 32, 31, 34, 37, 38]]"
31,"[0.7692307692307692, 0.0, 0.0, 0.0, 0.0, 0.0, 0.0, 0.0, 0.0, 0.0, 0.0, 0.0, 0.0, 0.0, 0.0, 0.0, 0.0, 0.0, 0.0, 0.0, 0.0, 0.0, 0.0, 0.0, 0.0, 0.0, 0.0, 0.0, 0.0, 0.0, 0.0, 0.0, 0.0, 0.0, 0.0, 0.0, 0.0, 0.0, 0.0, 0.07692307692307693, 0.0, 0.07692307692307693, 0.07692307692307693, 0.0, 0.0, 0.0, 0.0]",3,"[True, True, False]",41,592,"[[2, 3, 4, 5, 6, 5, 6, 7, 6, 7, 6, 7, 9, 11, 13, 16, 19, 22, 25, 28, 31, 34, 31, 28, 25, 22, 25, 22, 25, 22, 25], [2, 3, 2, 1, 2, 3, 4, 5, 4, 5, 5, 6, 5, 6, 7, 9, 11, 9, 11, 9, 11, 9, 11, 9, 11, 9, 11, 9, 11, 9, 11], [2, 3, 4, 5, 6, 7, 8, 7, 9, 10, 9, 11, 13, 14, 13, 16, 19, 20, 19, 22, 25, 26, 25, 28, 31, 32, 31, 34, 37, 38]]"
32,"[0.7692307692307692, 0.0, 0.0, 0.0, 0.0, 0.0, 0.0, 0.0, 0.0, 0.0, 0.0, 0.0, 0.0, 0.0, 0.0, 0.0, 0.0, 0.0, 0.0, 0.0, 0.0, 0.0, 0.0, 0.0, 0.0, 0.0, 0.0, 0.0, 0.0, 0.0, 0.0, 0.0, 0.0, 0.0, 0.0, 0.0, 0.0, 0.0, 0.0, 0.07692307692307693, 0.0, 0.07692307692307693, 0.07692307692307693, 0.0, 0.0, 0.0, 0.0]",3,"[True, True, False]",41,600,"[[2, 3, 4, 5, 6, 5, 6, 7, 6, 7, 6, 7, 9, 11, 13, 16, 19, 22, 25, 28, 31, 34, 31, 28, 25, 22, 25, 22, 25, 22, 25, 22], [2, 3, 2, 1, 2, 3, 4, 5, 4, 5, 5, 6, 5, 6, 7, 9, 11, 9, 11, 9, 11, 9, 11, 9, 11, 9, 11, 9, 11, 9, 11, 9], [2, 3, 4, 5, 6, 7, 8, 7, 9, 10, 9, 11, 13, 14, 13, 16, 19, 20, 19, 22, 25, 26, 25, 28, 31, 32, 31, 34, 37, 38]]"
33,"[0.7692307692307692, 0.0, 0.0, 0.0, 0.0, 0.0, 0.0, 0.0, 0.0, 0.0, 0.0, 0.0, 0.0, 0.0, 0.0, 0.0, 0.0, 0.0, 0.0, 0.0, 0.0, 0.0, 0.0, 0.0, 0.0, 0.0, 0.0, 0.0, 0.0, 0.0, 0.0, 0.0, 0.0, 0.0, 0.0, 0.0, 0.0, 0.0, 0.0, 0.07692307692307693, 0.0, 0.07692307692307693, 0.07692307692307693, 0.0, 0.0, 0.0, 0.0]",3,"[True, True, False]",41,626,"[[2, 3, 4, 5, 6, 5, 6, 7, 6, 7, 6, 7, 9, 11, 13, 16, 19, 22, 25, 28, 31, 34, 31, 28, 25, 22, 25, 22, 25, 22, 25, 22, 25], [2, 3, 2, 1, 2, 3, 4, 5, 4, 5, 5, 6, 5, 6, 7, 9, 11, 9, 11, 9, 11, 9, 11, 9, 11, 9, 11, 9, 11, 9, 11, 9, 11], [2, 3, 4, 5, 6, 7, 8, 7, 9, 10, 9, 11, 13, 14, 13, 16, 19, 20, 19, 22, 25, 26, 25, 28, 31, 32, 31, 34, 37, 38]]"
34,"[0.7692307692307692, 0.0, 0.0, 0.0, 0.0, 0.0, 0.0, 0.0, 0.0, 0.0, 0.0, 0.0, 0.0, 0.0, 0.0, 0.0, 0.0, 0.0, 0.0, 0.0, 0.0, 0.0, 0.0, 0.0, 0.0, 0.0, 0.0, 0.0, 0.0, 0.0, 0.0, 0.0, 0.0, 0.0, 0.0, 0.0, 0.0, 0.0, 0.0, 0.07692307692307693, 0.0, 0.07692307692307693, 0.07692307692307693, 0.0, 0.0, 0.0, 0.0]",3,"[True, True, False]",41,634,"[[2, 3, 4, 5, 6, 5, 6, 7, 6, 7, 6, 7, 9, 11, 13, 16, 19, 22, 25, 28, 31, 34, 31, 28, 25, 22, 25, 22, 25, 22, 25, 22, 25, 22], [2, 3, 2, 1, 2, 3, 4, 5, 4, 5, 5, 6, 5, 6, 7, 9, 11, 9, 11, 9, 11, 9, 11, 9, 11, 9, 11, 9, 11, 9, 11, 9, 11, 9], [2, 3, 4, 5, 6, 7, 8, 7, 9, 10, 9, 11, 13, 14, 13, 16, 19, 20, 19, 22, 25, 26, 25, 28, 31, 32, 31, 34, 37, 38]]"
35,"[0.7692307692307692, 0.0, 0.0, 0.0, 0.0, 0.0, 0.0, 0.0, 0.0, 0.0, 0.0, 0.0, 0.0, 0.0, 0.0, 0.0, 0.0, 0.0, 0.0, 0.0, 0.0, 0.0, 0.0, 0.0, 0.0, 0.0, 0.0, 0.0, 0.0, 0.0, 0.0, 0.0, 0.0, 0.0, 0.0, 0.0, 0.0, 0.0, 0.0, 0.07692307692307693, 0.0, 0.07692307692307693, 0.07692307692307693, 0.0, 0.0, 0.0, 0.0]",3,"[True, True, False]",41,660,"[[2, 3, 4, 5, 6, 5, 6, 7, 6, 7, 6, 7, 9, 11, 13, 16, 19, 22, 25, 28, 31, 34, 31, 28, 25, 22, 25, 22, 25, 22, 25, 22, 25, 22, 25], [2, 3, 2, 1, 2, 3, 4, 5, 4, 5, 5, 6, 5, 6, 7, 9, 11, 9, 11, 9, 11, 9, 11, 9, 11, 9, 11, 9, 11, 9, 11, 9, 11, 9, 11], [2, 3, 4, 5, 6, 7, 8, 7, 9, 10, 9, 11, 13, 14, 13, 16, 19, 20, 19, 22, 25, 26, 25, 28, 31, 32, 31, 34, 37, 38]]"
